Site,cumul_all
1,0
2,0
3,3.8999999999999995
4,0
5,0.4500000000000002
6,0
7,0
8,4.050000000000002
9,0
10,4.7
11,0.3500000000000001
12,16.550000000000004
