Site,cumul_pos
1,0
2,0
3,3.8999999999999995
4,0
5,0
6,0
7,0
8,0
9,0
10,2.1500000000000004
11,0.3500000000000001
12,0
