Site,median
1,1.463210110125197e-15
2,0.07478683146572829
3,0.06842372900260404
4,0.19952748253942587
5,-0.02498456991459392
6,-0.01628888681724109
7,-0.05318555399637891
8,-0.08737824335874787
9,0.03720088964726123
10,-0.07148069188181405
11,0.05409920193502555
12,-0.10312849881286258
