Site,cumul_all
1,45.3925000000001
2,27.4
3,19.382500000000018
4,57.3
5,37.9
6,8.2
7,10.772500000000024
8,17.1
9,20.9
10,28.599999999999998
11,60.6925
12,51
