Site,cumul_pos
1,38.48750000000001
2,27.4
3,19.382500000000018
4,57
5,21.7
6,3.5
7,5.582500000000016
8,0
9,20.9
10,4.3
11,60.6925
12,13
