Site,cumul_all
1,11.102500000000045
2,0
3,5.499999999999997
4,2.9499999999999984
5,8.100000000000001
6,2.349999999999999
7,2.5950000000000033
8,8.550000000000002
9,0.1499999999999999
10,14.299999999999999
11,6.596250000000001
12,20.250000000000004
