Site,cumul_pos
1,9.400000000000002
2,0
3,5.599999999999997
4,3.9999999999999987
5,0
6,0
7,0
8,0
9,0.44999999999999973
10,2.1500000000000004
11,8.099999999999996
12,1.25
