Site,cumul_all
1,13.750000000000004
2,0.1499999999999999
3,5.599999999999997
4,4.249999999999998
5,9.950000000000003
6,3.049999999999999
7,3.0999999999999983
8,9.950000000000003
9,0.44999999999999973
10,15.6
11,8.099999999999996
12,21.500000000000004
