Site,cumul_pos
1,7.650000000000001
2,0
3,5.499999999999997
4,2.799999999999999
5,0
6,0
7,0
8,0
9,0.1499999999999999
10,2.1500000000000004
11,6.596250000000001
12,1.25
