Site,median
1,-1.313234687985349e-15
2,0.04266412386021127
3,0.04748468608447483
4,0.16336774317658165
5,-0.019335236267389443
6,-0.02744719944448063
7,-0.055716606718557216
8,-0.08737824335874787
9,0.03338750241014105
10,-0.07168172351415458
11,0.045930921505666016
12,-0.10267894648967481
