Site,cumul_pos
1,25.799999999999997
2,32.099999999999994
3,22.082500000000017
4,18.9
5,7.699999999999999
6,1.5
7,4.8999999999999995
8,0
9,32.599999999999994
10,4.3
11,59.5
12,5.6
