Site,cumul_all
1,36.3
2,38.099999999999994
3,22.082500000000017
4,31.7
5,22.799999999999997
6,16.3
7,12
8,31.2
9,32.599999999999994
10,34.4
11,64.28250000000001
12,36.5
